datetime,local,visitante,competicion,temporada_slug,jornada,evento_importante,datetime_m30,datetime_p30,datetime_m60,datetime_p60,datetime_m90,datetime_p90
2024-01-02 20:30:00,val,vil,laliga_ea_sports,laliga_easports_2023,19,True,2024-01-02 20:00:00,2024-01-02 21:00:00,2024-01-02 19:30:00,2024-01-02 21:30:00,2024-01-02 19:00:00,2024-01-02 22:00:00
2024-01-03 20:30:00,gir,atm,laliga_ea_sports,laliga_easports_2023,19,True,2024-01-03 20:00:00,2024-01-03 21:00:00,2024-01-03 19:30:00,2024-01-03 21:30:00,2024-01-03 19:00:00,2024-01-03 22:00:00
2024-01-07 20:00:00,bar,bar,copa_del_rey,copa_del_rey_2023,3,True,2024-01-07 19:30:00,2024-01-07 20:30:00,2024-01-07 19:00:00,2024-01-07 21:00:00,2024-01-07 18:30:00,2024-01-07 21:30:00
2024-01-18 20:30:00,atm,rma,copa_del_rey,copa_del_rey_2023,4,True,2024-01-18 20:00:00,2024-01-18 21:00:00,2024-01-18 19:30:00,2024-01-18 21:30:00,2024-01-18 19:00:00,2024-01-18 22:00:00
2024-01-21 20:00:00,gir,sev,laliga_ea_sports,laliga_easports_2023,21,True,2024-01-21 19:30:00,2024-01-21 20:30:00,2024-01-21 19:00:00,2024-01-21 21:00:00,2024-01-21 18:30:00,2024-01-21 21:30:00
2024-01-24 20:30:00,ath,bar,copa_del_rey,copa_del_rey_2023,5,True,2024-01-24 20:00:00,2024-01-24 21:00:00,2024-01-24 19:30:00,2024-01-24 21:30:00,2024-01-24 19:00:00,2024-01-24 22:00:00
2024-01-25 20:00:00,atm,sev,copa_del_rey,copa_del_rey_2023,5,True,2024-01-25 19:30:00,2024-01-25 20:30:00,2024-01-25 19:00:00,2024-01-25 21:00:00,2024-01-25 18:30:00,2024-01-25 21:30:00
2024-01-28 20:00:00,atm,val,laliga_ea_sports,laliga_easports_2023,22,True,2024-01-28 19:30:00,2024-01-28 20:30:00,2024-01-28 19:00:00,2024-01-28 21:00:00,2024-01-28 18:30:00,2024-01-28 21:30:00
2024-02-03 20:00:00,gir,rso,laliga_ea_sports,laliga_easports_2023,23,True,2024-02-03 19:30:00,2024-02-03 20:30:00,2024-02-03 19:00:00,2024-02-03 21:00:00,2024-02-03 18:30:00,2024-02-03 21:30:00
2024-02-04 20:00:00,rma,atm,laliga_ea_sports,laliga_easports_2023,23,True,2024-02-04 19:30:00,2024-02-04 20:30:00,2024-02-04 19:00:00,2024-02-04 21:00:00,2024-02-04 18:30:00,2024-02-04 21:30:00
2024-02-07 20:30:00,atm,ath,copa_del_rey,copa_del_rey_2023,6,True,2024-02-07 20:00:00,2024-02-07 21:00:00,2024-02-07 19:30:00,2024-02-07 21:30:00,2024-02-07 19:00:00,2024-02-07 22:00:00
2024-02-14 20:00:00,psg,rso,uefa_champions_league,champions_league_2023,7,True,2024-02-14 19:30:00,2024-02-14 20:30:00,2024-02-14 19:00:00,2024-02-14 21:00:00,2024-02-14 18:30:00,2024-02-14 21:30:00
2024-02-17 20:00:00,val,sev,laliga_ea_sports,laliga_easports_2023,25,True,2024-02-17 19:30:00,2024-02-17 20:30:00,2024-02-17 19:00:00,2024-02-17 21:00:00,2024-02-17 18:30:00,2024-02-17 21:30:00
2024-02-19 20:00:00,ath,gir,laliga_ea_sports,laliga_easports_2023,25,True,2024-02-19 19:30:00,2024-02-19 20:30:00,2024-02-19 19:00:00,2024-02-19 21:00:00,2024-02-19 18:30:00,2024-02-19 21:30:00
2024-02-20 20:00:00,int,atm,uefa_champions_league,champions_league_2023,7,True,2024-02-20 19:30:00,2024-02-20 20:30:00,2024-02-20 19:00:00,2024-02-20 21:00:00,2024-02-20 18:30:00,2024-02-20 21:30:00
2024-02-20 20:00:00,psv,bvb,uefa_champions_league,champions_league_2023,7,True,2024-02-20 19:30:00,2024-02-20 20:30:00,2024-02-20 19:00:00,2024-02-20 21:00:00,2024-02-20 18:30:00,2024-02-20 21:30:00
2024-02-21 20:00:00,opo,ars,uefa_champions_league,champions_league_2023,7,True,2024-02-21 19:30:00,2024-02-21 20:30:00,2024-02-21 19:00:00,2024-02-21 21:00:00,2024-02-21 18:30:00,2024-02-21 21:30:00
2024-02-21 20:00:00,nap,bar,uefa_champions_league,champions_league_2023,7,True,2024-02-21 19:30:00,2024-02-21 20:30:00,2024-02-21 19:00:00,2024-02-21 21:00:00,2024-02-21 18:30:00,2024-02-21 21:30:00
2024-02-22 20:00:00,rom,fey,uefa_europa_league,europa_league_2023,8,True,2024-02-22 19:30:00,2024-02-22 20:30:00,2024-02-22 19:00:00,2024-02-22 21:00:00,2024-02-22 18:30:00,2024-02-22 21:30:00
2024-02-23 20:00:00,rso,vil,laliga_ea_sports,laliga_easports_2023,26,True,2024-02-23 19:30:00,2024-02-23 20:30:00,2024-02-23 19:00:00,2024-02-23 21:00:00,2024-02-23 18:30:00,2024-02-23 21:30:00
2024-02-25 15:00:00,bet,ath,laliga_ea_sports,laliga_easports_2023,26,True,2024-02-25 14:30:00,2024-02-25 15:30:00,2024-02-25 14:00:00,2024-02-25 16:00:00,2024-02-25 13:30:00,2024-02-25 16:30:00
2024-02-25 20:00:00,rma,sev,laliga_ea_sports,laliga_easports_2023,26,True,2024-02-25 19:30:00,2024-02-25 20:30:00,2024-02-25 19:00:00,2024-02-25 21:00:00,2024-02-25 18:30:00,2024-02-25 21:30:00
2024-02-29 20:30:00,ath,atm,copa_del_rey,copa_del_rey_2023,7,True,2024-02-29 20:00:00,2024-02-29 21:00:00,2024-02-29 19:30:00,2024-02-29 21:30:00,2024-02-29 19:00:00,2024-02-29 22:00:00
2024-03-02 13:00:00,sev,rso,laliga_ea_sports,laliga_easports_2023,27,True,2024-03-02 12:30:00,2024-03-02 13:30:00,2024-03-02 12:00:00,2024-03-02 14:00:00,2024-03-02 11:30:00,2024-03-02 14:30:00
2024-03-02 20:00:00,val,rma,laliga_ea_sports,laliga_easports_2023,27,True,2024-03-02 19:30:00,2024-03-02 20:30:00,2024-03-02 19:00:00,2024-03-02 21:00:00,2024-03-02 18:30:00,2024-03-02 21:30:00
2024-03-03 15:00:00,atm,bet,laliga_ea_sports,laliga_easports_2023,27,True,2024-03-03 14:30:00,2024-03-03 15:30:00,2024-03-03 14:00:00,2024-03-03 16:00:00,2024-03-03 13:30:00,2024-03-03 16:30:00
2024-03-03 20:00:00,ath,bar,laliga_ea_sports,laliga_easports_2023,27,True,2024-03-03 19:30:00,2024-03-03 20:30:00,2024-03-03 19:00:00,2024-03-03 21:00:00,2024-03-03 18:30:00,2024-03-03 21:30:00
2024-03-05 20:00:00,rso,psg,uefa_champions_league,champions_league_2023,8,True,2024-03-05 19:30:00,2024-03-05 20:30:00,2024-03-05 19:00:00,2024-03-05 21:00:00,2024-03-05 18:30:00,2024-03-05 21:30:00
2024-03-07 20:00:00,mar,vil,uefa_europa_league,europa_league_2023,9,True,2024-03-07 19:30:00,2024-03-07 20:30:00,2024-03-07 19:00:00,2024-03-07 21:00:00,2024-03-07 18:30:00,2024-03-07 21:30:00
2024-03-10 20:00:00,bet,vil,laliga_ea_sports,laliga_easports_2023,28,True,2024-03-10 19:30:00,2024-03-10 20:30:00,2024-03-10 19:00:00,2024-03-10 21:00:00,2024-03-10 18:30:00,2024-03-10 21:30:00
2024-03-12 20:00:00,ars,opo,uefa_champions_league,champions_league_2023,8,True,2024-03-12 19:30:00,2024-03-12 20:30:00,2024-03-12 19:00:00,2024-03-12 21:00:00,2024-03-12 18:30:00,2024-03-12 21:30:00
2024-03-12 20:00:00,bar,nap,uefa_champions_league,champions_league_2023,8,True,2024-03-12 19:30:00,2024-03-12 20:30:00,2024-03-12 19:00:00,2024-03-12 21:00:00,2024-03-12 18:30:00,2024-03-12 21:30:00
2024-03-13 20:00:00,atm,int,uefa_champions_league,champions_league_2023,8,True,2024-03-13 19:30:00,2024-03-13 20:30:00,2024-03-13 19:00:00,2024-03-13 21:00:00,2024-03-13 18:30:00,2024-03-13 21:30:00
2024-03-13 20:00:00,bvb,psv,uefa_champions_league,champions_league_2023,8,True,2024-03-13 19:30:00,2024-03-13 20:30:00,2024-03-13 19:00:00,2024-03-13 21:00:00,2024-03-13 18:30:00,2024-03-13 21:30:00
2024-03-17 15:00:00,vil,val,laliga_ea_sports,laliga_easports_2023,29,True,2024-03-17 14:30:00,2024-03-17 15:30:00,2024-03-17 14:00:00,2024-03-17 16:00:00,2024-03-17 13:30:00,2024-03-17 16:30:00
2024-03-17 20:00:00,atm,bar,laliga_ea_sports,laliga_easports_2023,29,True,2024-03-17 19:30:00,2024-03-17 20:30:00,2024-03-17 19:00:00,2024-03-17 21:00:00,2024-03-17 18:30:00,2024-03-17 21:30:00
2024-03-31 14:00:00,gir,bet,laliga_ea_sports,laliga_easports_2023,30,True,2024-03-31 13:30:00,2024-03-31 14:30:00,2024-03-31 13:00:00,2024-03-31 15:00:00,2024-03-31 12:30:00,2024-03-31 15:30:00
2024-03-31 19:00:00,rma,ath,laliga_ea_sports,laliga_easports_2023,30,True,2024-03-31 18:30:00,2024-03-31 19:30:00,2024-03-31 18:00:00,2024-03-31 20:00:00,2024-03-31 17:30:00,2024-03-31 20:30:00
2024-04-01 19:00:00,vil,atm,laliga_ea_sports,laliga_easports_2023,30,True,2024-04-01 18:30:00,2024-04-01 19:30:00,2024-04-01 18:00:00,2024-04-01 20:00:00,2024-04-01 17:30:00,2024-04-01 20:30:00
2024-04-09 19:00:00,ars,bay,uefa_champions_league,champions_league_2023,9,True,2024-04-09 18:30:00,2024-04-09 19:30:00,2024-04-09 18:00:00,2024-04-09 20:00:00,2024-04-09 17:30:00,2024-04-09 20:30:00
2024-04-09 19:00:00,rma,mcfc,uefa_champions_league,champions_league_2023,9,True,2024-04-09 18:30:00,2024-04-09 19:30:00,2024-04-09 18:00:00,2024-04-09 20:00:00,2024-04-09 17:30:00,2024-04-09 20:30:00
2024-04-10 19:00:00,atm,bvb,uefa_champions_league,champions_league_2023,9,True,2024-04-10 18:30:00,2024-04-10 19:30:00,2024-04-10 18:00:00,2024-04-10 20:00:00,2024-04-10 17:30:00,2024-04-10 20:30:00
2024-04-10 19:00:00,psg,bar,uefa_champions_league,champions_league_2023,9,True,2024-04-10 18:30:00,2024-04-10 19:30:00,2024-04-10 18:00:00,2024-04-10 20:00:00,2024-04-10 17:30:00,2024-04-10 20:30:00
2024-04-11 19:00:00,ben,mar,uefa_europa_league,europa_league_2023,11,True,2024-04-11 18:30:00,2024-04-11 19:30:00,2024-04-11 18:00:00,2024-04-11 20:00:00,2024-04-11 17:30:00,2024-04-11 20:30:00
2024-04-11 19:00:00,acm,rom,uefa_europa_league,europa_league_2023,11,True,2024-04-11 18:30:00,2024-04-11 19:30:00,2024-04-11 18:00:00,2024-04-11 20:00:00,2024-04-11 17:30:00,2024-04-11 20:30:00
2024-04-16 19:00:00,bar,psg,uefa_champions_league,champions_league_2023,10,True,2024-04-16 18:30:00,2024-04-16 19:30:00,2024-04-16 18:00:00,2024-04-16 20:00:00,2024-04-16 17:30:00,2024-04-16 20:30:00
2024-04-16 19:00:00,bvb,atm,uefa_champions_league,champions_league_2023,10,True,2024-04-16 18:30:00,2024-04-16 19:30:00,2024-04-16 18:00:00,2024-04-16 20:00:00,2024-04-16 17:30:00,2024-04-16 20:30:00
2024-04-17 19:00:00,bay,ars,uefa_champions_league,champions_league_2023,10,True,2024-04-17 18:30:00,2024-04-17 19:30:00,2024-04-17 18:00:00,2024-04-17 20:00:00,2024-04-17 17:30:00,2024-04-17 20:30:00
2024-04-17 19:00:00,mcfc,rma,uefa_champions_league,champions_league_2023,10,True,2024-04-17 18:30:00,2024-04-17 19:30:00,2024-04-17 18:00:00,2024-04-17 20:00:00,2024-04-17 17:30:00,2024-04-17 20:30:00
2024-04-18 19:00:00,mar,ben,uefa_europa_league,europa_league_2023,12,True,2024-04-18 18:30:00,2024-04-18 19:30:00,2024-04-18 18:00:00,2024-04-18 20:00:00,2024-04-18 17:30:00,2024-04-18 20:30:00
2024-04-18 19:00:00,rom,acm,uefa_europa_league,europa_league_2023,12,True,2024-04-18 18:30:00,2024-04-18 19:30:00,2024-04-18 18:00:00,2024-04-18 20:00:00,2024-04-18 17:30:00,2024-04-18 20:30:00
2024-04-21 19:00:00,rma,bar,laliga_ea_sports,laliga_easports_2023,32,True,2024-04-21 18:30:00,2024-04-21 19:30:00,2024-04-21 18:00:00,2024-04-21 20:00:00,2024-04-21 17:30:00,2024-04-21 20:30:00
2024-04-26 19:00:00,rso,rma,laliga_ea_sports,laliga_easports_2023,33,True,2024-04-26 18:30:00,2024-04-26 19:30:00,2024-04-26 18:00:00,2024-04-26 20:00:00,2024-04-26 17:30:00,2024-04-26 20:30:00
2024-04-27 19:00:00,atm,ath,laliga_ea_sports,laliga_easports_2023,33,True,2024-04-27 18:30:00,2024-04-27 19:30:00,2024-04-27 18:00:00,2024-04-27 20:00:00,2024-04-27 17:30:00,2024-04-27 20:30:00
2024-04-28 19:00:00,bet,sev,laliga_ea_sports,laliga_easports_2023,33,True,2024-04-28 18:30:00,2024-04-28 19:30:00,2024-04-28 18:00:00,2024-04-28 20:00:00,2024-04-28 17:30:00,2024-04-28 20:30:00
2024-04-29 19:00:00,bar,val,laliga_ea_sports,laliga_easports_2023,33,True,2024-04-29 18:30:00,2024-04-29 19:30:00,2024-04-29 18:00:00,2024-04-29 20:00:00,2024-04-29 17:30:00,2024-04-29 20:30:00
2024-04-30 19:00:00,bay,rma,uefa_champions_league,champions_league_2023,11,True,2024-04-30 18:30:00,2024-04-30 19:30:00,2024-04-30 18:00:00,2024-04-30 20:00:00,2024-04-30 17:30:00,2024-04-30 20:30:00
2024-05-01 19:00:00,bvb,psg,uefa_champions_league,champions_league_2023,11,True,2024-05-01 18:30:00,2024-05-01 19:30:00,2024-05-01 18:00:00,2024-05-01 20:00:00,2024-05-01 17:30:00,2024-05-01 20:30:00
2024-05-07 19:00:00,psg,bvb,uefa_champions_league,champions_league_2023,12,True,2024-05-07 18:30:00,2024-05-07 19:30:00,2024-05-07 18:00:00,2024-05-07 20:00:00,2024-05-07 17:30:00,2024-05-07 20:30:00
2024-05-08 19:00:00,rma,bay,uefa_champions_league,champions_league_2023,12,True,2024-05-08 18:30:00,2024-05-08 19:30:00,2024-05-08 18:00:00,2024-05-08 20:00:00,2024-05-08 17:30:00,2024-05-08 20:30:00
2024-05-11 14:00:00,vil,sev,laliga_ea_sports,laliga_easports_2023,35,True,2024-05-11 13:30:00,2024-05-11 14:30:00,2024-05-11 13:00:00,2024-05-11 15:00:00,2024-05-11 12:30:00,2024-05-11 15:30:00
2024-05-13 19:00:00,bar,rso,laliga_ea_sports,laliga_easports_2023,35,True,2024-05-13 18:30:00,2024-05-13 19:30:00,2024-05-13 18:00:00,2024-05-13 20:00:00,2024-05-13 17:30:00,2024-05-13 20:30:00
2024-05-14 20:00:00,gir,vil,laliga_ea_sports,laliga_easports_2023,36,True,2024-05-14 19:30:00,2024-05-14 20:30:00,2024-05-14 19:00:00,2024-05-14 21:00:00,2024-05-14 18:30:00,2024-05-14 21:30:00
2024-05-16 20:00:00,rso,val,laliga_ea_sports,laliga_easports_2023,36,True,2024-05-16 19:30:00,2024-05-16 20:30:00,2024-05-16 19:00:00,2024-05-16 21:00:00,2024-05-16 18:30:00,2024-05-16 21:30:00
2024-05-25 14:00:00,rso,atm,laliga_ea_sports,laliga_easports_2023,38,True,2024-05-25 13:30:00,2024-05-25 14:30:00,2024-05-25 13:00:00,2024-05-25 15:00:00,2024-05-25 12:30:00,2024-05-25 15:30:00
2024-05-25 19:00:00,rma,bet,laliga_ea_sports,laliga_easports_2023,38,True,2024-05-25 18:30:00,2024-05-25 19:30:00,2024-05-25 18:00:00,2024-05-25 20:00:00,2024-05-25 17:30:00,2024-05-25 20:30:00
2024-05-26 19:00:00,sev,bar,laliga_ea_sports,laliga_easports_2023,38,True,2024-05-26 18:30:00,2024-05-26 19:30:00,2024-05-26 18:00:00,2024-05-26 20:00:00,2024-05-26 17:30:00,2024-05-26 20:30:00
2024-06-01 19:00:00,bvb,rma,uefa_champions_league,champions_league_2023,13,True,2024-06-01 18:30:00,2024-06-01 19:30:00,2024-06-01 18:00:00,2024-06-01 20:00:00,2024-06-01 17:30:00,2024-06-01 20:30:00
2024-08-15 19:30:00,bet,gir,laliga_ea_sports,laliga_easports_2024,1,True,2024-08-15 19:00:00,2024-08-15 20:00:00,2024-08-15 18:30:00,2024-08-15 20:30:00,2024-08-15 18:00:00,2024-08-15 21:00:00
2024-08-17 19:30:00,val,bar,laliga_ea_sports,laliga_easports_2024,1,True,2024-08-17 19:00:00,2024-08-17 20:00:00,2024-08-17 18:30:00,2024-08-17 20:30:00,2024-08-17 18:00:00,2024-08-17 21:00:00
2024-08-19 19:30:00,vil,atm,laliga_ea_sports,laliga_easports_2024,1,True,2024-08-19 19:00:00,2024-08-19 20:00:00,2024-08-19 18:30:00,2024-08-19 20:30:00,2024-08-19 18:00:00,2024-08-19 21:00:00
2024-08-23 19:30:00,sev,vil,laliga_ea_sports,laliga_easports_2024,2,True,2024-08-23 19:00:00,2024-08-23 20:00:00,2024-08-23 18:30:00,2024-08-23 20:30:00,2024-08-23 18:00:00,2024-08-23 21:00:00
2024-08-24 19:30:00,esp,rso,laliga_ea_sports,laliga_easports_2024,2,True,2024-08-24 19:00:00,2024-08-24 20:00:00,2024-08-24 18:30:00,2024-08-24 20:30:00,2024-08-24 18:00:00,2024-08-24 21:00:00
2024-08-25 19:30:00,atm,gir,laliga_ea_sports,laliga_easports_2024,2,True,2024-08-25 19:00:00,2024-08-25 20:00:00,2024-08-25 18:30:00,2024-08-25 20:30:00,2024-08-25 18:00:00,2024-08-25 21:00:00
2024-08-28 19:30:00,atm,esp,laliga_ea_sports,laliga_easports_2024,3,True,2024-08-28 19:00:00,2024-08-28 20:00:00,2024-08-28 18:30:00,2024-08-28 20:30:00,2024-08-28 18:00:00,2024-08-28 21:00:00
2024-08-31 19:30:00,val,vil,laliga_ea_sports,laliga_easports_2024,4,True,2024-08-31 19:00:00,2024-08-31 20:00:00,2024-08-31 18:30:00,2024-08-31 20:30:00,2024-08-31 18:00:00,2024-08-31 21:00:00
2024-09-01 19:30:00,rma,bet,laliga_ea_sports,laliga_easports_2024,4,True,2024-09-01 19:00:00,2024-09-01 20:00:00,2024-09-01 18:30:00,2024-09-01 20:30:00,2024-09-01 18:00:00,2024-09-01 21:00:00
2024-09-14 19:00:00,rso,rma,laliga_ea_sports,laliga_easports_2024,5,True,2024-09-14 18:30:00,2024-09-14 19:30:00,2024-09-14 18:00:00,2024-09-14 20:00:00,2024-09-14 17:30:00,2024-09-14 20:30:00
2024-09-15 14:00:00,gir,bar,laliga_ea_sports,laliga_easports_2024,5,True,2024-09-15 13:30:00,2024-09-15 14:30:00,2024-09-15 13:00:00,2024-09-15 15:00:00,2024-09-15 12:30:00,2024-09-15 15:30:00
2024-09-15 19:00:00,atm,val,laliga_ea_sports,laliga_easports_2024,5,True,2024-09-15 18:30:00,2024-09-15 19:30:00,2024-09-15 18:00:00,2024-09-15 20:00:00,2024-09-15 17:30:00,2024-09-15 20:30:00
2024-09-17 19:00:00,acm,liv,uefa_champions_league,champions_league_2024,1,True,2024-09-17 18:30:00,2024-09-17 19:30:00,2024-09-17 18:00:00,2024-09-17 20:00:00,2024-09-17 17:30:00,2024-09-17 20:30:00
2024-09-18 19:00:00,mcfc,int,uefa_champions_league,champions_league_2024,1,True,2024-09-18 18:30:00,2024-09-18 19:30:00,2024-09-18 18:00:00,2024-09-18 20:00:00,2024-09-18 17:30:00,2024-09-18 20:30:00
2024-09-18 19:00:00,psg,gir,uefa_champions_league,champions_league_2024,1,True,2024-09-18 18:30:00,2024-09-18 19:30:00,2024-09-18 18:00:00,2024-09-18 20:00:00,2024-09-18 17:30:00,2024-09-18 20:30:00
2024-09-19 19:00:00,mon,bar,uefa_champions_league,champions_league_2024,1,True,2024-09-19 18:30:00,2024-09-19 19:30:00,2024-09-19 18:00:00,2024-09-19 20:00:00,2024-09-19 17:30:00,2024-09-19 20:30:00
2024-09-21 19:00:00,rma,esp,laliga_ea_sports,laliga_easports_2024,6,True,2024-09-21 18:30:00,2024-09-21 19:30:00,2024-09-21 18:00:00,2024-09-21 20:00:00,2024-09-21 17:30:00,2024-09-21 20:30:00
2024-09-26 19:00:00,rom,ath,uefa_europa_league,europa_league_2024,1,True,2024-09-26 18:30:00,2024-09-26 19:30:00,2024-09-26 18:00:00,2024-09-26 20:00:00,2024-09-26 17:30:00,2024-09-26 20:30:00
2024-09-29 14:00:00,ath,sev,laliga_ea_sports,laliga_easports_2024,8,True,2024-09-29 13:30:00,2024-09-29 14:30:00,2024-09-29 13:00:00,2024-09-29 15:00:00,2024-09-29 12:30:00,2024-09-29 15:30:00
2024-09-29 19:00:00,atm,rma,laliga_ea_sports,laliga_easports_2024,8,True,2024-09-29 18:30:00,2024-09-29 19:30:00,2024-09-29 18:00:00,2024-09-29 20:00:00,2024-09-29 17:30:00,2024-09-29 20:30:00
2024-10-01 19:00:00,ars,psg,uefa_champions_league,champions_league_2024,2,True,2024-10-01 18:30:00,2024-10-01 19:30:00,2024-10-01 18:00:00,2024-10-01 20:00:00,2024-10-01 17:30:00,2024-10-01 20:30:00
2024-10-01 19:00:00,psv,scp,uefa_champions_league,champions_league_2024,2,True,2024-10-01 18:30:00,2024-10-01 19:30:00,2024-10-01 18:00:00,2024-10-01 20:00:00,2024-10-01 17:30:00,2024-10-01 20:30:00
2024-10-01 19:00:00,slb,mcfc,uefa_champions_league,champions_league_2024,2,True,2024-10-01 18:30:00,2024-10-01 19:30:00,2024-10-01 18:00:00,2024-10-01 20:00:00,2024-10-01 17:30:00,2024-10-01 20:30:00
2024-10-02 19:00:00,avl,bay,uefa_champions_league,champions_league_2024,2,True,2024-10-02 18:30:00,2024-10-02 19:30:00,2024-10-02 18:00:00,2024-10-02 20:00:00,2024-10-02 17:30:00,2024-10-02 20:30:00
2024-10-02 19:00:00,ben,atm,uefa_champions_league,champions_league_2024,2,True,2024-10-02 18:30:00,2024-10-02 19:30:00,2024-10-02 18:00:00,2024-10-02 20:00:00,2024-10-02 17:30:00,2024-10-02 20:30:00
2024-10-03 19:00:00,opo,mun,uefa_europa_league,europa_league_2024,2,True,2024-10-03 18:30:00,2024-10-03 19:30:00,2024-10-03 18:00:00,2024-10-03 20:00:00,2024-10-03 17:30:00,2024-10-03 20:30:00
2024-10-05 19:00:00,rma,vil,laliga_ea_sports,laliga_easports_2024,9,True,2024-10-05 18:30:00,2024-10-05 19:30:00,2024-10-05 18:00:00,2024-10-05 20:00:00,2024-10-05 17:30:00,2024-10-05 20:30:00
2024-10-06 19:00:00,rso,atm,laliga_ea_sports,laliga_easports_2024,9,True,2024-10-06 18:30:00,2024-10-06 19:30:00,2024-10-06 18:00:00,2024-10-06 20:00:00,2024-10-06 17:30:00,2024-10-06 20:30:00
2024-10-20 19:00:00,bar,sev,laliga_ea_sports,laliga_easports_2024,10,True,2024-10-20 18:30:00,2024-10-20 19:30:00,2024-10-20 18:00:00,2024-10-20 20:00:00,2024-10-20 17:30:00,2024-10-20 20:30:00
2024-10-22 19:00:00,gir,slb,uefa_champions_league,champions_league_2024,3,True,2024-10-22 18:30:00,2024-10-22 19:30:00,2024-10-22 18:00:00,2024-10-22 20:00:00,2024-10-22 17:30:00,2024-10-22 20:30:00
2024-10-22 19:00:00,psg,psv,uefa_champions_league,champions_league_2024,3,True,2024-10-22 18:30:00,2024-10-22 19:30:00,2024-10-22 18:00:00,2024-10-22 20:00:00,2024-10-22 17:30:00,2024-10-22 20:30:00
2024-10-22 19:00:00,rma,bvb,uefa_champions_league,champions_league_2024,3,True,2024-10-22 18:30:00,2024-10-22 19:30:00,2024-10-22 18:00:00,2024-10-22 20:00:00,2024-10-22 17:30:00,2024-10-22 20:30:00
2024-10-23 19:00:00,bar,bay,uefa_champions_league,champions_league_2024,3,True,2024-10-23 18:30:00,2024-10-23 19:30:00,2024-10-23 18:00:00,2024-10-23 20:00:00,2024-10-23 17:30:00,2024-10-23 20:30:00
2024-10-23 19:00:00,ben,fey,uefa_champions_league,champions_league_2024,3,True,2024-10-23 18:30:00,2024-10-23 19:30:00,2024-10-23 18:00:00,2024-10-23 20:00:00,2024-10-23 17:30:00,2024-10-23 20:30:00
2024-10-25 19:00:00,esp,sev,laliga_ea_sports,laliga_easports_2024,11,True,2024-10-25 18:30:00,2024-10-25 19:30:00,2024-10-25 18:00:00,2024-10-25 20:00:00,2024-10-25 17:30:00,2024-10-25 20:30:00
2024-10-26 19:00:00,rma,bar,laliga_ea_sports,laliga_easports_2024,11,True,2024-10-26 18:30:00,2024-10-26 19:30:00,2024-10-26 18:00:00,2024-10-26 20:00:00,2024-10-26 17:30:00,2024-10-26 20:30:00
2024-11-03 15:00:00,bar,esp,laliga_ea_sports,laliga_easports_2024,12,True,2024-11-03 14:30:00,2024-11-03 15:30:00,2024-11-03 14:00:00,2024-11-03 16:00:00,2024-11-03 13:30:00,2024-11-03 16:30:00
2024-11-03 20:00:00,ath,bet,laliga_ea_sports,laliga_easports_2024,12,True,2024-11-03 19:30:00,2024-11-03 20:30:00,2024-11-03 19:00:00,2024-11-03 21:00:00,2024-11-03 18:30:00,2024-11-03 21:30:00
2024-11-05 20:00:00,rma,acm,uefa_champions_league,champions_league_2024,4,True,2024-11-05 19:30:00,2024-11-05 20:30:00,2024-11-05 19:00:00,2024-11-05 21:00:00,2024-11-05 18:30:00,2024-11-05 21:30:00
2024-11-05 20:00:00,scp,mcfc,uefa_champions_league,champions_league_2024,4,True,2024-11-05 19:30:00,2024-11-05 20:30:00,2024-11-05 19:00:00,2024-11-05 21:00:00,2024-11-05 18:30:00,2024-11-05 21:30:00
2024-11-06 20:00:00,int,ars,uefa_champions_league,champions_league_2024,4,True,2024-11-06 19:30:00,2024-11-06 20:30:00,2024-11-06 19:00:00,2024-11-06 21:00:00,2024-11-06 18:30:00,2024-11-06 21:30:00
2024-11-06 20:00:00,psg,atm,uefa_champions_league,champions_league_2024,4,True,2024-11-06 19:30:00,2024-11-06 20:30:00,2024-11-06 19:00:00,2024-11-06 21:00:00,2024-11-06 18:30:00,2024-11-06 21:30:00
2024-11-06 20:00:00,bay,ben,uefa_champions_league,champions_league_2024,4,True,2024-11-06 19:30:00,2024-11-06 20:30:00,2024-11-06 19:00:00,2024-11-06 21:00:00,2024-11-06 18:30:00,2024-11-06 21:30:00
2024-11-10 20:00:00,rso,bar,laliga_ea_sports,laliga_easports_2024,13,True,2024-11-10 19:30:00,2024-11-10 20:30:00,2024-11-10 19:00:00,2024-11-10 21:00:00,2024-11-10 18:30:00,2024-11-10 21:30:00
2024-11-23 13:00:00,val,bet,laliga_ea_sports,laliga_easports_2024,14,True,2024-11-23 12:30:00,2024-11-23 13:30:00,2024-11-23 12:00:00,2024-11-23 14:00:00,2024-11-23 11:30:00,2024-11-23 14:30:00
2024-11-24 20:00:00,ath,rso,laliga_ea_sports,laliga_easports_2024,14,True,2024-11-24 19:30:00,2024-11-24 20:30:00,2024-11-24 19:00:00,2024-11-24 21:00:00,2024-11-24 18:30:00,2024-11-24 21:30:00
2024-11-26 20:00:00,bay,psg,uefa_champions_league,champions_league_2024,5,True,2024-11-26 19:30:00,2024-11-26 20:30:00,2024-11-26 19:00:00,2024-11-26 21:00:00,2024-11-26 18:30:00,2024-11-26 21:30:00
2024-11-26 20:00:00,mcfc,fey,uefa_champions_league,champions_league_2024,5,True,2024-11-26 19:30:00,2024-11-26 20:30:00,2024-11-26 19:00:00,2024-11-26 21:00:00,2024-11-26 18:30:00,2024-11-26 21:30:00
2024-11-26 20:00:00,scp,ars,uefa_champions_league,champions_league_2024,5,True,2024-11-26 19:30:00,2024-11-26 20:30:00,2024-11-26 19:00:00,2024-11-26 21:00:00,2024-11-26 18:30:00,2024-11-26 21:30:00
2024-11-27 20:00:00,avl,juv,uefa_champions_league,champions_league_2024,5,True,2024-11-27 19:30:00,2024-11-27 20:30:00,2024-11-27 19:00:00,2024-11-27 21:00:00,2024-11-27 18:30:00,2024-11-27 21:30:00
2024-11-27 20:00:00,liv,rma,uefa_champions_league,champions_league_2024,5,True,2024-11-27 19:30:00,2024-11-27 20:30:00,2024-11-27 19:00:00,2024-11-27 21:00:00,2024-11-27 18:30:00,2024-11-27 21:30:00
2024-11-27 20:00:00,mon,ben,uefa_champions_league,champions_league_2024,5,True,2024-11-27 19:30:00,2024-11-27 20:30:00,2024-11-27 19:00:00,2024-11-27 21:00:00,2024-11-27 18:30:00,2024-11-27 21:30:00
2024-11-28 20:00:00,rso,aja,uefa_europa_league,europa_league_2024,5,True,2024-11-28 19:30:00,2024-11-28 20:30:00,2024-11-28 19:00:00,2024-11-28 21:00:00,2024-11-28 18:30:00,2024-11-28 21:30:00
2024-11-28 20:00:00,tot,rom,uefa_europa_league,europa_league_2024,5,True,2024-11-28 19:30:00,2024-11-28 20:30:00,2024-11-28 19:00:00,2024-11-28 21:00:00,2024-11-28 18:30:00,2024-11-28 21:30:00
2024-12-01 13:00:00,vil,gir,laliga_ea_sports,laliga_easports_2024,15,True,2024-12-01 12:30:00,2024-12-01 13:30:00,2024-12-01 12:00:00,2024-12-01 14:00:00,2024-12-01 11:30:00,2024-12-01 14:30:00
2024-12-01 20:00:00,rso,bet,laliga_ea_sports,laliga_easports_2024,15,True,2024-12-01 19:30:00,2024-12-01 20:30:00,2024-12-01 19:00:00,2024-12-01 21:00:00,2024-12-01 18:30:00,2024-12-01 21:30:00
2024-12-03 20:00:00,bar,esp,copa_del_rey,copa_del_rey_2024,3,True,2024-12-03 19:30:00,2024-12-03 20:30:00,2024-12-03 19:00:00,2024-12-03 21:00:00,2024-12-03 18:30:00,2024-12-03 21:30:00
2024-12-04 20:00:00,ath,rma,laliga_ea_sports,laliga_easports_2024,19,True,2024-12-04 19:30:00,2024-12-04 20:30:00,2024-12-04 19:00:00,2024-12-04 21:00:00,2024-12-04 18:30:00,2024-12-04 21:30:00
2024-12-07 15:00:00,bet,bar,laliga_ea_sports,laliga_easports_2024,16,True,2024-12-07 14:30:00,2024-12-07 15:30:00,2024-12-07 14:00:00,2024-12-07 16:00:00,2024-12-07 13:30:00,2024-12-07 16:30:00
2024-12-07 20:00:00,gir,rma,laliga_ea_sports,laliga_easports_2024,16,True,2024-12-07 19:30:00,2024-12-07 20:30:00,2024-12-07 19:00:00,2024-12-07 21:00:00,2024-12-07 18:30:00,2024-12-07 21:30:00
2024-12-08 15:00:00,ath,vil,laliga_ea_sports,laliga_easports_2024,16,True,2024-12-08 14:30:00,2024-12-08 15:30:00,2024-12-08 14:00:00,2024-12-08 16:00:00,2024-12-08 13:30:00,2024-12-08 16:30:00
2024-12-08 20:00:00,atm,sev,laliga_ea_sports,laliga_easports_2024,16,True,2024-12-08 19:30:00,2024-12-08 20:30:00,2024-12-08 19:00:00,2024-12-08 21:00:00,2024-12-08 18:30:00,2024-12-08 21:30:00
2024-12-11 20:00:00,ars,mon,uefa_champions_league,champions_league_2024,6,True,2024-12-11 19:30:00,2024-12-11 20:30:00,2024-12-11 19:00:00,2024-12-11 21:00:00,2024-12-11 18:30:00,2024-12-11 21:30:00
2024-12-11 20:00:00,bvb,bar,uefa_champions_league,champions_league_2024,6,True,2024-12-11 19:30:00,2024-12-11 20:30:00,2024-12-11 19:00:00,2024-12-11 21:00:00,2024-12-11 18:30:00,2024-12-11 21:30:00
2024-12-11 20:00:00,juv,mcfc,uefa_champions_league,champions_league_2024,6,True,2024-12-11 19:30:00,2024-12-11 20:30:00,2024-12-11 19:00:00,2024-12-11 21:00:00,2024-12-11 18:30:00,2024-12-11 21:30:00
2024-12-18 20:30:00,esp,val,laliga_ea_sports,laliga_easports_2024,13,True,2024-12-18 20:00:00,2024-12-18 21:00:00,2024-12-18 19:30:00,2024-12-18 21:30:00,2024-12-18 19:00:00,2024-12-18 22:00:00
2024-12-21 20:00:00,bar,atm,laliga_ea_sports,laliga_easports_2024,18,True,2024-12-21 19:30:00,2024-12-21 20:30:00,2024-12-21 19:00:00,2024-12-21 21:00:00,2024-12-21 18:30:00,2024-12-21 21:30:00
2024-12-22 15:00:00,rma,sev,laliga_ea_sports,laliga_easports_2024,18,True,2024-12-22 14:30:00,2024-12-22 15:30:00,2024-12-22 14:00:00,2024-12-22 16:00:00,2024-12-22 13:30:00,2024-12-22 16:30:00
2025-01-03 20:00:00,val,rma,laliga_ea_sports,laliga_easports_2024,12,True,2025-01-03 19:30:00,2025-01-03 20:30:00,2025-01-03 19:00:00,2025-01-03 21:00:00,2025-01-03 18:30:00,2025-01-03 21:30:00
2025-01-04 20:30:00,mar,atm,copa_del_rey,copa_del_rey_2024,4,True,2025-01-04 20:00:00,2025-01-04 21:00:00,2025-01-04 19:30:00,2025-01-04 21:30:00,2025-01-04 19:00:00,2025-01-04 22:00:00
2025-01-11 20:00:00,sev,val,laliga_ea_sports,laliga_easports_2024,19,True,2025-01-11 19:30:00,2025-01-11 20:30:00,2025-01-11 19:00:00,2025-01-11 21:00:00,2025-01-11 18:30:00,2025-01-11 21:30:00
2025-01-13 20:00:00,rso,vil,laliga_ea_sports,laliga_easports_2024,19,True,2025-01-13 19:30:00,2025-01-13 20:30:00,2025-01-13 19:00:00,2025-01-13 21:00:00,2025-01-13 18:30:00,2025-01-13 21:30:00
2025-01-15 20:00:00,bar,bet,copa_del_rey,copa_del_rey_2024,5,True,2025-01-15 19:30:00,2025-01-15 20:30:00,2025-01-15 19:00:00,2025-01-15 21:00:00,2025-01-15 18:30:00,2025-01-15 21:30:00
2025-01-18 13:00:00,gir,sev,laliga_ea_sports,laliga_easports_2024,20,True,2025-01-18 12:30:00,2025-01-18 13:30:00,2025-01-18 12:00:00,2025-01-18 14:00:00,2025-01-18 11:30:00,2025-01-18 14:30:00
2025-01-19 20:00:00,val,rso,laliga_ea_sports,laliga_easports_2024,20,True,2025-01-19 19:30:00,2025-01-19 20:30:00,2025-01-19 19:00:00,2025-01-19 21:00:00,2025-01-19 18:30:00,2025-01-19 21:30:00
2025-01-21 20:00:00,ben,bar,uefa_champions_league,champions_league_2024,7,True,2025-01-21 19:30:00,2025-01-21 20:30:00,2025-01-21 19:00:00,2025-01-21 21:00:00,2025-01-21 18:30:00,2025-01-21 21:30:00
2025-01-22 20:00:00,fey,bay,uefa_champions_league,champions_league_2024,7,True,2025-01-22 19:30:00,2025-01-22 20:30:00,2025-01-22 19:00:00,2025-01-22 21:00:00,2025-01-22 18:30:00,2025-01-22 21:30:00
2025-01-22 20:00:00,acm,gir,uefa_champions_league,champions_league_2024,7,True,2025-01-22 19:30:00,2025-01-22 20:30:00,2025-01-22 19:00:00,2025-01-22 21:00:00,2025-01-22 18:30:00,2025-01-22 21:30:00
2025-01-22 20:00:00,psg,mcfc,uefa_champions_league,champions_league_2024,7,True,2025-01-22 19:30:00,2025-01-22 20:30:00,2025-01-22 19:00:00,2025-01-22 21:00:00,2025-01-22 18:30:00,2025-01-22 21:30:00
2025-01-25 15:00:00,atm,vil,laliga_ea_sports,laliga_easports_2024,21,True,2025-01-25 14:30:00,2025-01-25 15:30:00,2025-01-25 14:00:00,2025-01-25 16:00:00,2025-01-25 13:30:00,2025-01-25 16:30:00
2025-01-26 20:00:00,bar,val,laliga_ea_sports,laliga_easports_2024,21,True,2025-01-26 19:30:00,2025-01-26 20:30:00,2025-01-26 19:00:00,2025-01-26 21:00:00,2025-01-26 18:30:00,2025-01-26 21:30:00
2025-01-29 20:00:00,bay,slb,uefa_champions_league,champions_league_2024,8,True,2025-01-29 19:30:00,2025-01-29 20:30:00,2025-01-29 19:00:00,2025-01-29 21:00:00,2025-01-29 18:30:00,2025-01-29 21:30:00
2025-01-29 20:00:00,gir,ars,uefa_champions_league,champions_league_2024,8,True,2025-01-29 19:30:00,2025-01-29 20:30:00,2025-01-29 19:00:00,2025-01-29 21:00:00,2025-01-29 18:30:00,2025-01-29 21:30:00
2025-01-29 20:00:00,int,mon,uefa_champions_league,champions_league_2024,8,True,2025-01-29 19:30:00,2025-01-29 20:30:00,2025-01-29 19:00:00,2025-01-29 21:00:00,2025-01-29 18:30:00,2025-01-29 21:30:00
2025-01-29 20:00:00,juv,ben,uefa_champions_league,champions_league_2024,8,True,2025-01-29 19:30:00,2025-01-29 20:30:00,2025-01-29 19:00:00,2025-01-29 21:00:00,2025-01-29 18:30:00,2025-01-29 21:30:00
2025-01-29 20:00:00,psv,liv,uefa_champions_league,champions_league_2024,8,True,2025-01-29 19:30:00,2025-01-29 20:30:00,2025-01-29 19:00:00,2025-01-29 21:00:00,2025-01-29 18:30:00,2025-01-29 21:30:00
2025-02-01 20:00:00,esp,rma,laliga_ea_sports,laliga_easports_2024,22,True,2025-02-01 19:30:00,2025-02-01 20:30:00,2025-02-01 19:00:00,2025-02-01 21:00:00,2025-02-01 18:30:00,2025-02-01 21:30:00
2025-02-02 20:00:00,bet,ath,laliga_ea_sports,laliga_easports_2024,22,True,2025-02-02 19:30:00,2025-02-02 20:30:00,2025-02-02 19:00:00,2025-02-02 21:00:00,2025-02-02 18:30:00,2025-02-02 21:30:00
2025-02-06 20:30:00,val,bar,copa_del_rey,copa_del_rey_2024,6,True,2025-02-06 20:00:00,2025-02-06 21:00:00,2025-02-06 19:30:00,2025-02-06 21:30:00,2025-02-06 19:00:00,2025-02-06 22:00:00
2025-02-08 15:00:00,ath,gir,laliga_ea_sports,laliga_easports_2024,23,True,2025-02-08 14:30:00,2025-02-08 15:30:00,2025-02-08 14:00:00,2025-02-08 16:00:00,2025-02-08 13:30:00,2025-02-08 16:30:00
2025-02-08 20:00:00,rma,atm,laliga_ea_sports,laliga_easports_2024,23,True,2025-02-08 19:30:00,2025-02-08 20:30:00,2025-02-08 19:00:00,2025-02-08 21:00:00,2025-02-08 18:30:00,2025-02-08 21:30:00
2025-02-09 20:00:00,sev,bar,laliga_ea_sports,laliga_easports_2024,23,True,2025-02-09 19:30:00,2025-02-09 20:30:00,2025-02-09 19:00:00,2025-02-09 21:00:00,2025-02-09 18:30:00,2025-02-09 21:30:00
2025-02-11 20:00:00,juv,psv,uefa_champions_league,champions_league_2024,9,True,2025-02-11 19:30:00,2025-02-11 20:30:00,2025-02-11 19:00:00,2025-02-11 21:00:00,2025-02-11 18:30:00,2025-02-11 21:30:00
2025-02-11 20:00:00,mcfc,rma,uefa_champions_league,champions_league_2024,9,True,2025-02-11 19:30:00,2025-02-11 20:30:00,2025-02-11 19:00:00,2025-02-11 21:00:00,2025-02-11 18:30:00,2025-02-11 21:30:00
2025-02-11 20:00:00,scp,bvb,uefa_champions_league,champions_league_2024,9,True,2025-02-11 19:30:00,2025-02-11 20:30:00,2025-02-11 19:00:00,2025-02-11 21:00:00,2025-02-11 18:30:00,2025-02-11 21:30:00
2025-02-12 20:00:00,fey,acm,uefa_champions_league,champions_league_2024,9,True,2025-02-12 19:30:00,2025-02-12 20:30:00,2025-02-12 19:00:00,2025-02-12 21:00:00,2025-02-12 18:30:00,2025-02-12 21:30:00
2025-02-12 20:00:00,mon,ben,uefa_champions_league,champions_league_2024,9,True,2025-02-12 19:30:00,2025-02-12 20:30:00,2025-02-12 19:00:00,2025-02-12 21:00:00,2025-02-12 18:30:00,2025-02-12 21:30:00
2025-02-13 20:00:00,opo,rom,uefa_europa_league,europa_league_2024,9,True,2025-02-13 19:30:00,2025-02-13 20:30:00,2025-02-13 19:00:00,2025-02-13 21:00:00,2025-02-13 18:30:00,2025-02-13 21:30:00
2025-02-15 20:00:00,vil,val,laliga_ea_sports,laliga_easports_2024,24,True,2025-02-15 19:30:00,2025-02-15 20:30:00,2025-02-15 19:00:00,2025-02-15 21:00:00,2025-02-15 18:30:00,2025-02-15 21:30:00
2025-02-16 13:00:00,esp,ath,laliga_ea_sports,laliga_easports_2024,24,True,2025-02-16 12:30:00,2025-02-16 13:30:00,2025-02-16 12:00:00,2025-02-16 14:00:00,2025-02-16 11:30:00,2025-02-16 14:30:00
2025-02-16 20:00:00,bet,rso,laliga_ea_sports,laliga_easports_2024,24,True,2025-02-16 19:30:00,2025-02-16 20:30:00,2025-02-16 19:00:00,2025-02-16 21:00:00,2025-02-16 18:30:00,2025-02-16 21:30:00
2025-02-18 20:00:00,ben,mon,uefa_champions_league,champions_league_2024,10,True,2025-02-18 19:30:00,2025-02-18 20:30:00,2025-02-18 19:00:00,2025-02-18 21:00:00,2025-02-18 18:30:00,2025-02-18 21:30:00
2025-02-19 20:00:00,psv,juv,uefa_champions_league,champions_league_2024,10,True,2025-02-19 19:30:00,2025-02-19 20:30:00,2025-02-19 19:00:00,2025-02-19 21:00:00,2025-02-19 18:30:00,2025-02-19 21:30:00
2025-02-19 20:00:00,rma,mcfc,uefa_champions_league,champions_league_2024,10,True,2025-02-19 19:30:00,2025-02-19 20:30:00,2025-02-19 19:00:00,2025-02-19 21:00:00,2025-02-19 18:30:00,2025-02-19 21:30:00
2025-02-23 15:00:00,rma,gir,laliga_ea_sports,laliga_easports_2024,25,True,2025-02-23 14:30:00,2025-02-23 15:30:00,2025-02-23 14:00:00,2025-02-23 16:00:00,2025-02-23 13:30:00,2025-02-23 16:30:00
2025-02-25 20:30:00,bar,atm,copa_del_rey,copa_del_rey_2024,7,True,2025-02-25 20:00:00,2025-02-25 21:00:00,2025-02-25 19:30:00,2025-02-25 21:30:00,2025-02-25 19:00:00,2025-02-25 22:00:00
2025-02-26 20:30:00,rso,rma,copa_del_rey,copa_del_rey_2024,7,True,2025-02-26 20:00:00,2025-02-26 21:00:00,2025-02-26 19:30:00,2025-02-26 21:30:00,2025-02-26 19:00:00,2025-02-26 22:00:00
2025-03-01 20:00:00,atm,ath,laliga_ea_sports,laliga_easports_2024,26,True,2025-03-01 19:30:00,2025-03-01 20:30:00,2025-03-01 19:00:00,2025-03-01 21:00:00,2025-03-01 18:30:00,2025-03-01 21:30:00
2025-03-02 15:00:00,bar,rso,laliga_ea_sports,laliga_easports_2024,26,True,2025-03-02 14:30:00,2025-03-02 15:30:00,2025-03-02 14:00:00,2025-03-02 16:00:00,2025-03-02 13:30:00,2025-03-02 16:30:00
2025-03-04 20:00:00,psv,ars,uefa_champions_league,champions_league_2024,11,True,2025-03-04 19:30:00,2025-03-04 20:30:00,2025-03-04 19:00:00,2025-03-04 21:00:00,2025-03-04 18:30:00,2025-03-04 21:30:00
2025-03-04 20:00:00,rma,atm,uefa_champions_league,champions_league_2024,11,True,2025-03-04 19:30:00,2025-03-04 20:30:00,2025-03-04 19:00:00,2025-03-04 21:00:00,2025-03-04 18:30:00,2025-03-04 21:30:00
2025-03-05 20:00:00,ben,bar,uefa_champions_league,champions_league_2024,11,True,2025-03-05 19:30:00,2025-03-05 20:30:00,2025-03-05 19:00:00,2025-03-05 21:00:00,2025-03-05 18:30:00,2025-03-05 21:30:00
2025-03-05 20:00:00,psg,liv,uefa_champions_league,champions_league_2024,11,True,2025-03-05 19:30:00,2025-03-05 20:30:00,2025-03-05 19:00:00,2025-03-05 21:00:00,2025-03-05 18:30:00,2025-03-05 21:30:00
2025-03-06 20:00:00,rom,ath,uefa_europa_league,europa_league_2024,11,True,2025-03-06 19:30:00,2025-03-06 20:30:00,2025-03-06 19:00:00,2025-03-06 21:00:00,2025-03-06 18:30:00,2025-03-06 21:30:00
2025-03-09 20:00:00,rso,sev,laliga_ea_sports,laliga_easports_2024,27,True,2025-03-09 19:30:00,2025-03-09 20:30:00,2025-03-09 19:00:00,2025-03-09 21:00:00,2025-03-09 18:30:00,2025-03-09 21:30:00
2025-03-10 20:00:00,esp,gir,laliga_ea_sports,laliga_easports_2024,27,True,2025-03-10 19:30:00,2025-03-10 20:30:00,2025-03-10 19:00:00,2025-03-10 21:00:00,2025-03-10 18:30:00,2025-03-10 21:30:00
2025-03-11 20:00:00,int,fey,uefa_champions_league,champions_league_2024,12,True,2025-03-11 19:30:00,2025-03-11 20:30:00,2025-03-11 19:00:00,2025-03-11 21:00:00,2025-03-11 18:30:00,2025-03-11 21:30:00
2025-03-11 20:00:00,liv,psg,uefa_champions_league,champions_league_2024,12,True,2025-03-11 19:30:00,2025-03-11 20:30:00,2025-03-11 19:00:00,2025-03-11 21:00:00,2025-03-11 18:30:00,2025-03-11 21:30:00
2025-03-12 20:00:00,ars,psv,uefa_champions_league,champions_league_2024,12,True,2025-03-12 19:30:00,2025-03-12 20:30:00,2025-03-12 19:00:00,2025-03-12 21:00:00,2025-03-12 18:30:00,2025-03-12 21:30:00
2025-03-12 20:00:00,atm,rma,uefa_champions_league,champions_league_2024,12,True,2025-03-12 19:30:00,2025-03-12 20:30:00,2025-03-12 19:00:00,2025-03-12 21:00:00,2025-03-12 18:30:00,2025-03-12 21:30:00
2025-03-13 20:00:00,mun,rso,uefa_europa_league,europa_league_2024,12,True,2025-03-13 19:30:00,2025-03-13 20:30:00,2025-03-13 19:00:00,2025-03-13 21:00:00,2025-03-13 18:30:00,2025-03-13 21:30:00
2025-03-15 20:00:00,gir,val,laliga_ea_sports,laliga_easports_2024,28,True,2025-03-15 19:30:00,2025-03-15 20:30:00,2025-03-15 19:00:00,2025-03-15 21:00:00,2025-03-15 18:30:00,2025-03-15 21:30:00
2025-03-16 15:00:00,sev,ath,laliga_ea_sports,laliga_easports_2024,28,True,2025-03-16 14:30:00,2025-03-16 15:30:00,2025-03-16 14:00:00,2025-03-16 16:00:00,2025-03-16 13:30:00,2025-03-16 16:30:00
2025-03-16 20:00:00,atm,bar,laliga_ea_sports,laliga_easports_2024,28,True,2025-03-16 19:30:00,2025-03-16 20:30:00,2025-03-16 19:00:00,2025-03-16 21:00:00,2025-03-16 18:30:00,2025-03-16 21:30:00
2025-03-29 15:00:00,esp,atm,laliga_ea_sports,laliga_easports_2024,29,True,2025-03-29 14:30:00,2025-03-29 15:30:00,2025-03-29 14:00:00,2025-03-29 16:00:00,2025-03-29 13:30:00,2025-03-29 16:30:00
2025-03-30 14:00:00,bar,gir,laliga_ea_sports,laliga_easports_2024,29,True,2025-03-30 13:30:00,2025-03-30 14:30:00,2025-03-30 13:00:00,2025-03-30 15:00:00,2025-03-30 12:30:00,2025-03-30 15:30:00
2025-03-30 19:00:00,bet,sev,laliga_ea_sports,laliga_easports_2024,29,True,2025-03-30 18:30:00,2025-03-30 19:30:00,2025-03-30 18:00:00,2025-03-30 20:00:00,2025-03-30 17:30:00,2025-03-30 20:30:00
2025-04-01 19:30:00,rma,rso,copa_del_rey,copa_del_rey_2024,8,True,2025-04-01 19:00:00,2025-04-01 20:00:00,2025-04-01 18:30:00,2025-04-01 20:30:00,2025-04-01 18:00:00,2025-04-01 21:00:00
2025-04-02 19:30:00,atm,bar,copa_del_rey,copa_del_rey_2024,8,True,2025-04-02 19:00:00,2025-04-02 20:00:00,2025-04-02 18:30:00,2025-04-02 20:30:00,2025-04-02 18:00:00,2025-04-02 21:00:00
2025-04-05 14:00:00,rma,val,laliga_ea_sports,laliga_easports_2024,30,True,2025-04-05 13:30:00,2025-04-05 14:30:00,2025-04-05 13:00:00,2025-04-05 15:00:00,2025-04-05 12:30:00,2025-04-05 15:30:00
2025-04-05 19:00:00,bar,bet,laliga_ea_sports,laliga_easports_2024,30,True,2025-04-05 18:30:00,2025-04-05 19:30:00,2025-04-05 18:00:00,2025-04-05 20:00:00,2025-04-05 17:30:00,2025-04-05 20:30:00
2025-04-06 14:00:00,sev,atm,laliga_ea_sports,laliga_easports_2024,30,True,2025-04-06 13:30:00,2025-04-06 14:30:00,2025-04-06 13:00:00,2025-04-06 15:00:00,2025-04-06 12:30:00,2025-04-06 15:30:00
2025-04-06 19:00:00,vil,ath,laliga_ea_sports,laliga_easports_2024,30,True,2025-04-06 18:30:00,2025-04-06 19:30:00,2025-04-06 18:00:00,2025-04-06 20:00:00,2025-04-06 17:30:00,2025-04-06 20:30:00
2025-04-08 19:00:00,ars,rma,uefa_champions_league,champions_league_2024,13,True,2025-04-08 18:30:00,2025-04-08 19:30:00,2025-04-08 18:00:00,2025-04-08 20:00:00,2025-04-08 17:30:00,2025-04-08 20:30:00
2025-04-08 19:00:00,bay,int,uefa_champions_league,champions_league_2024,13,True,2025-04-08 18:30:00,2025-04-08 19:30:00,2025-04-08 18:00:00,2025-04-08 20:00:00,2025-04-08 17:30:00,2025-04-08 20:30:00
2025-04-09 19:00:00,psg,avl,uefa_champions_league,champions_league_2024,13,True,2025-04-09 18:30:00,2025-04-09 19:30:00,2025-04-09 18:00:00,2025-04-09 20:00:00,2025-04-09 17:30:00,2025-04-09 20:30:00
2025-04-09 19:00:00,bar,bvb,uefa_champions_league,champions_league_2024,13,True,2025-04-09 18:30:00,2025-04-09 19:30:00,2025-04-09 18:00:00,2025-04-09 20:00:00,2025-04-09 17:30:00,2025-04-09 20:30:00
2025-04-11 19:00:00,val,sev,laliga_ea_sports,laliga_easports_2024,31,True,2025-04-11 18:30:00,2025-04-11 19:30:00,2025-04-11 18:00:00,2025-04-11 20:00:00,2025-04-11 17:30:00,2025-04-11 20:30:00
2025-04-15 19:00:00,avl,psg,uefa_champions_league,champions_league_2024,14,True,2025-04-15 18:30:00,2025-04-15 19:30:00,2025-04-15 18:00:00,2025-04-15 20:00:00,2025-04-15 17:30:00,2025-04-15 20:30:00
2025-04-15 19:00:00,bvb,bar,uefa_champions_league,champions_league_2024,14,True,2025-04-15 18:30:00,2025-04-15 19:30:00,2025-04-15 18:00:00,2025-04-15 20:00:00,2025-04-15 17:30:00,2025-04-15 20:30:00
2025-04-16 19:00:00,rma,ars,uefa_champions_league,champions_league_2024,14,True,2025-04-16 18:30:00,2025-04-16 19:30:00,2025-04-16 18:00:00,2025-04-16 20:00:00,2025-04-16 17:30:00,2025-04-16 20:30:00
2025-04-16 19:00:00,int,bay,uefa_champions_league,champions_league_2024,14,True,2025-04-16 18:30:00,2025-04-16 19:30:00,2025-04-16 18:00:00,2025-04-16 20:00:00,2025-04-16 17:30:00,2025-04-16 20:30:00
2025-04-20 14:00:00,vil,rso,laliga_ea_sports,laliga_easports_2024,32,True,2025-04-20 13:30:00,2025-04-20 14:30:00,2025-04-20 13:00:00,2025-04-20 15:00:00,2025-04-20 12:30:00,2025-04-20 15:30:00
2025-04-20 19:00:00,rma,ath,laliga_ea_sports,laliga_easports_2024,32,True,2025-04-20 18:30:00,2025-04-20 19:30:00,2025-04-20 18:00:00,2025-04-20 20:00:00,2025-04-20 17:30:00,2025-04-20 20:30:00
2025-04-21 19:00:00,gir,bet,laliga_ea_sports,laliga_easports_2024,32,True,2025-04-21 18:30:00,2025-04-21 19:30:00,2025-04-21 18:00:00,2025-04-21 20:00:00,2025-04-21 17:30:00,2025-04-21 20:30:00
2025-04-26 20:00:00,bar,rma,copa_del_rey,copa_del_rey_2024,9,True,2025-04-26 19:30:00,2025-04-26 20:30:00,2025-04-26 19:00:00,2025-04-26 21:00:00,2025-04-26 18:30:00,2025-04-26 21:30:00
2025-04-27 14:00:00,vil,esp,laliga_ea_sports,laliga_easports_2024,26,True,2025-04-27 13:30:00,2025-04-27 14:30:00,2025-04-27 13:00:00,2025-04-27 15:00:00,2025-04-27 12:30:00,2025-04-27 15:30:00
2025-04-29 19:00:00,ars,psg,uefa_champions_league,champions_league_2024,15,True,2025-04-29 18:30:00,2025-04-29 19:30:00,2025-04-29 18:00:00,2025-04-29 20:00:00,2025-04-29 17:30:00,2025-04-29 20:30:00
2025-04-30 19:00:00,bar,int,uefa_champions_league,champions_league_2024,15,True,2025-04-30 18:30:00,2025-04-30 19:30:00,2025-04-30 18:00:00,2025-04-30 20:00:00,2025-04-30 17:30:00,2025-04-30 20:30:00
2025-05-01 19:00:00,ath,mun,uefa_europa_league,europa_league_2024,15,True,2025-05-01 18:30:00,2025-05-01 19:30:00,2025-05-01 18:00:00,2025-05-01 20:00:00,2025-05-01 17:30:00,2025-05-01 20:30:00
2025-05-04 19:00:00,rso,ath,laliga_ea_sports,laliga_easports_2024,34,True,2025-05-04 18:30:00,2025-05-04 19:30:00,2025-05-04 18:00:00,2025-05-04 20:00:00,2025-05-04 17:30:00,2025-05-04 20:30:00
2025-05-06 19:00:00,int,bar,uefa_champions_league,champions_league_2024,16,True,2025-05-06 18:30:00,2025-05-06 19:30:00,2025-05-06 18:00:00,2025-05-06 20:00:00,2025-05-06 17:30:00,2025-05-06 20:30:00
2025-05-07 19:00:00,psg,ars,uefa_champions_league,champions_league_2024,16,True,2025-05-07 18:30:00,2025-05-07 19:30:00,2025-05-07 18:00:00,2025-05-07 20:00:00,2025-05-07 17:30:00,2025-05-07 20:30:00
2025-05-08 19:00:00,mun,ath,uefa_europa_league,europa_league_2024,16,True,2025-05-08 18:30:00,2025-05-08 19:30:00,2025-05-08 18:00:00,2025-05-08 20:00:00,2025-05-08 17:30:00,2025-05-08 20:30:00
2025-05-10 19:00:00,atm,rso,laliga_ea_sports,laliga_easports_2024,35,True,2025-05-10 18:30:00,2025-05-10 19:30:00,2025-05-10 18:00:00,2025-05-10 20:00:00,2025-05-10 17:30:00,2025-05-10 20:30:00
2025-05-11 14:00:00,bar,rma,laliga_ea_sports,laliga_easports_2024,35,True,2025-05-11 13:30:00,2025-05-11 14:30:00,2025-05-11 13:00:00,2025-05-11 15:00:00,2025-05-11 12:30:00,2025-05-11 15:30:00
2025-05-15 19:30:00,esp,bar,laliga_ea_sports,laliga_easports_2024,36,True,2025-05-15 19:00:00,2025-05-15 20:00:00,2025-05-15 18:30:00,2025-05-15 20:30:00,2025-05-15 18:00:00,2025-05-15 21:00:00
2025-05-21 19:00:00,tot,mun,uefa_europa_league,europa_league_2024,17,True,2025-05-21 18:30:00,2025-05-21 19:30:00,2025-05-21 18:00:00,2025-05-21 20:00:00,2025-05-21 17:30:00,2025-05-21 20:30:00
2025-05-23 19:00:00,bet,val,laliga_ea_sports,laliga_easports_2024,38,True,2025-05-23 18:30:00,2025-05-23 19:30:00,2025-05-23 18:00:00,2025-05-23 20:00:00,2025-05-23 17:30:00,2025-05-23 20:30:00
2025-05-24 14:00:00,rma,rso,laliga_ea_sports,laliga_easports_2024,38,True,2025-05-24 13:30:00,2025-05-24 14:30:00,2025-05-24 13:00:00,2025-05-24 15:00:00,2025-05-24 12:30:00,2025-05-24 15:30:00
2025-05-25 14:00:00,vil,sev,laliga_ea_sports,laliga_easports_2024,38,True,2025-05-25 13:30:00,2025-05-25 14:30:00,2025-05-25 13:00:00,2025-05-25 15:00:00,2025-05-25 12:30:00,2025-05-25 15:30:00
2025-05-25 19:00:00,ath,bar,laliga_ea_sports,laliga_easports_2024,38,True,2025-05-25 18:30:00,2025-05-25 19:30:00,2025-05-25 18:00:00,2025-05-25 20:00:00,2025-05-25 17:30:00,2025-05-25 20:30:00
